;N,Name,HBW,HBO,NHB
1,CIVTT,-0.04766653254464631,-0.029208551801291026,-0.031408145270452825
2,CSWAIT,0,0,0
3,CLWAIT,0,0,0
4,CXWAIT,0,0,0
5,CCOST,-0.0019148579233038074,-0.0011338333088882597,-0.0017452357227717677
6,CDRIVE,0,0,0
7,CTERML,0,0,0
8,CWALK,0,0,0
9,CWALK1,-0.09018557332209579,-0.05899321215455981,-0.07694549605259841
10,CWALK2,-0.1581975828077601,-0.11286259267571336,-0.11677785100112362
11,CBIKE1,0,0,0
12,CBIKE2,0,0,0
13,DWalkBIKE,1,1,1
14,NC1,1,1,1
15,NC2,1,1,1
16,NC3,1,1,1
17,CBD,0,0,0
18,NXFER,0,0,0
19,AUTOCOST,15.602278775357108,12.422205339195285,17.41339584136267
20,SHAREFAC,0,0,0
