;N,Name,HBW,HBO,NHB
1,CIVTT,-0.044718245670874616,-0.04138337585687367,-0.040868487580515936
2,CSWAIT,0,0,0
3,CLWAIT,0,0,0
4,CXWAIT,0,0,0
5,CCOST,-0.0018202293126382894,-0.0015969749856442983,-0.002189182883792674
6,CDRIVE,0,0,0
7,CTERML,0,0,0
8,CWALK,0,0,0
9,CWALK1,-0.048685488440020255,-0.04121377683195823,-0.06144100859535989
10,CWALK2,-0.1402882843667131,-0.029850227736851212,-0.08785883303381126
11,CBIKE1,0,0,0
12,CBIKE2,0,0,0
13,DWalkBIKE,1,1,1
14,NC1,1,1,1
15,NC2,1,1,1
16,NC3,1,1,1
17,CBD,0,0,0
18,NXFER,0,0,0
19,AUTOCOST,20.932970310742906,15.44157240663131,19.428393689485482
20,SHAREFAC,0,0,0
